399001,深证成指
399002,成份Ａ指
399003,成份Ｂ指
399004,深证100R
399005,中小板指
399006,创业板指
399007,深证300 
399008,中小300 
399009,深证200 
399010,深证700 
399011,深证1000
399012,创业300 
399100,新 指 数
399101,中小板综
399102,创业板综
399103,乐富指数
399106,深证综指
399107,深证Ａ指
399108,深证Ｂ指
399231,农林指数
399232,采矿指数
399233,制造指数
399234,水电指数
399235,建筑指数
399236,批零指数
399237,运输指数
399238,餐饮指数
399239,IT指数  
399240,金融指数
399241,地产指数
399242,商务指数
399243,科研指数
399244,公共指数
399248,文化指数
399249,综企指数
399300,沪深300 
399301,深信用债
399302,深公司债
399303,国证小盘
399305,基金指数
399306,深证ETF 
399310,巨潮50  
399311,巨潮1000
399312,巨潮300 
399313,巨潮100 
399314,巨潮大盘
399315,巨潮中盘
399316,巨潮小盘
399317,巨潮Ａ指
399318,巨潮Ｂ指
399319,资源优势
399320,巨潮服务
399321,巨潮红利
399322,巨潮治理
399324,深证红利
399326,成长40  
399328,深证治理
399330,深证100 
399332,深证创新
399333,中小板R 
399335,深证央企
399337,深证民营
399339,深证科技
399341,深证责任
399344,深证300R
399346,深证成长
399348,深证价值
399350,皖江30  
399351,深报指数
399352,深报综指
399353,巨潮物流
399355,长三角  
399356,珠三角  
399357,环渤海  
399358,泰达指数
399359,巨潮基建
399360,巨潮装备
399361,巨潮商业
399362,巨潮民营
399363,巨潮科技
399364,中金消费
399365,巨潮农业
399366,巨潮大宗
399367,巨潮地产
399368,航天军工
399369,CBN-兴全
399370,巨潮成长
399371,巨潮价值
399372,大盘成长
399373,大盘价值
399374,中盘成长
399375,中盘价值
399376,小盘成长
399377,小盘价值
399378,南方低碳
399379,巨潮基金
399380,巨潮ETF 
399381,1000能源
399382,1000材料
399383,1000工业
399384,1000可选
399385,1000消费
399386,1000医药
399387,1000金融
399388,1000信息
399389,1000电信
399390,1000公用
399391,投资时钟
399392,中金新兴
399393,国证地产
399394,国证医药
399395,国证有色
399396,国证食品
399397,OCT文化 
399398,绩效指数
399399,中经GDP 
399400,大中盘  
399401,中小盘  
399402,周期100 
399403,防御100 
399404,大盘低波
399405,大盘高贝
399406,中盘低波
399407,中盘高贝
399408,小盘低波
399409,小盘高贝
399410,苏州率先
399411,红利100 
399481,企债指数
399550,央视50  
399551,央视创新
399552,央视成长
399553,央视回报
399554,央视治理
399555,央视责任
399602,中小成长
399604,中小价值
399606,创业板R 
399608,科技100 
399610,TMT50   
399612,中创100 
399613,深证能源
399614,深证材料
399615,深证工业
399616,深证可选
399617,深证消费
399618,深证医药
399619,深证金融
399620,深证信息
399621,深证电信
399622,深证公用
399623,中小基础
399624,中创400 
399625,中创500 
399626,中创成长
399627,中创价值
399628,700成长 
399629,700价值 
399630,1000成长
399631,1000价值
399632,深100EW 
399633,深300EW 
399634,中小板EW
399635,创业板EW
399636,深证装备
399637,深证地产
399638,深证环保
399639,深证大宗
399640,创业基础
399641,深证新兴
399642,中小新兴
399643,创业新兴
399644,深证时钟
399645,100低波 
399646,深消费50
399647,深医药50
399648,深证GDP 
399649,中小红利
399650,中小治理
399651,中小责任
399652,中创高新
399653,深证龙头
399654,深证文化
399655,深证绩效
399656,100绩效 
399657,300绩效 
399658,中小绩效
399659,深成指EW
399660,中创EW  
399661,深证低波
399662,深证高贝
399663,中小低波
399664,中小高贝
399665,中创低波
399666,中创高贝
399667,创业板G 
399668,创业板V 
399669,深证农业
399670,深周期50
399671,深防御50
399672,深红利50
399701,深证F60 
399702,深证F120
399703,深证F200
399704,深证上游
399705,深证中游
399706,深证下游
399802,500深市 
399901,小康指数
399902,中证流通
399903,中证100 
399904,中证 200
399905,中证 500
399906,中证 800
399907,中证 700
399908,300 能源
399909,300 材料
399910,300 工业
399911,300 可选
399912,300 消费
399913,300 医药
399914,300 金融
399915,300 信息
399916,300 电信
399917,300 公用
399918,300 成长
399919,300 价值
399920,300R成长
399921,300R价值
399922,中证红利
399923,公司债指
399924,分离债指
399925,基本面50
399926,中证央企
399927,央企100 
399928,中证能源
399929,中证材料
399930,中证工业
399931,中证可选
399932,中证消费
399933,中证医药
399934,中证金融
399935,中证信息
399936,中证电信
399937,中证公用
399938,中证民企
399939,民企200 
399940,财富大盘
399941,新能源  
399942,内地消费
399943,内地基建
399944,内地资源
399945,内地运输
399946,内地金融
399947,内地银行
399948,内地地产
399949,内地农业
399950,300基建 
399951,300银行 
399952,300地产 
399953,中证地企
399954,地企100 
399955,中证国企
399956,国企200 
399957,300运输 
399958,创业成长
399959,军工指数
399960,中证龙头
399961,中证上游
399962,中证中游
399963,中证下游
399964,中证新兴
399965,800地产 
399966,800非银 
399967,中证军工
399968,300周期 
399969,300非周 
399972,300深市 
399977,内地低碳
399978,医药100 
399979,大宗商品
399980,中证超大
399981,300分层 
399982,500等权 
399984,300等权 
399985,中证全指
000001,平安银行
000002,万  科Ａ
000004,国农科技
000005,世纪星源
000006,深振业Ａ
000007,零七股份
000008,宝利来  
000009,中国宝安
000010,深华新  
000011,深物业A 
000012,南  玻Ａ
000014,沙河股份
000016,深康佳Ａ
000017,*ST中华A
000018,中冠A   
000019,深深宝Ａ
000020,深华发Ａ
000021,长城开发
000022,深赤湾Ａ
000023,深天地Ａ
000024,招商地产
000025,特  力Ａ
000026,飞亚达Ａ
000027,深圳能源
000028,国药一致
000029,深深房Ａ
000030,富奥股份
000031,中粮地产
000032,深桑达Ａ
000033,新都酒店
000034,深信泰丰
000035,*ST科健 
000036,华联控股
000037,深南电Ａ
000038,深大通  
000039,中集集团
000040,宝安地产
000042,中洲控股
000043,中航地产
000045,深纺织Ａ
000046,泛海建设
000048,康达尔  
000049,德赛电池
000050,深天马Ａ
000055,方大集团
000056,深国商  
000058,深 赛 格
000059,华锦股份
000060,中金岭南
000061,农 产 品
000062,深圳华强
000063,中兴通讯
000065,北方国际
000066,长城电脑
000068,华控赛格
000069,华侨城Ａ
000070,特发信息
000078,海王生物
000088,盐 田 港
000089,深圳机场
000090,天健集团
000096,广聚能源
000099,中信海直
000100,TCL 集团
000150,宜华地产
000151,中成股份
000153,丰原药业
000155,川化股份
000156,华数传媒
000157,中联重科
000158,常山股份
000159,国际实业
000301,东方市场
000333,美的集团
000338,潍柴动力
000400,许继电气
000401,冀东水泥
000402,金 融 街
000403,*ST生化 
000404,华意压缩
000407,胜利股份
000408,金谷源  
000409,山东地矿
000410,沈阳机床
000411,英特集团
000413,东旭光电
000415,渤海租赁
000416,民生控股
000417,合肥百货
000418,小天鹅Ａ
000419,通程控股
000420,吉林化纤
000421,南京中北
000422,湖北宜化
000423,东阿阿胶
000425,徐工机械
000426,兴业矿业
000428,华天酒店
000429,粤高速Ａ
000430,张家界  
000488,晨鸣纸业
000498,山东路桥
000501,鄂武商Ａ
000502,绿景控股
000503,海虹控股
000504,*ST传媒 
000505,珠江控股
000506,中润资源
000507,珠海港  
000509,*ST华塑 
000510,金路集团
000511,烯碳新材
000513,丽珠集团
000514,渝 开 发
000516,开元投资
000517,荣安地产
000518,四环生物
000519,江南红箭
000520,*ST凤凰 
000521,美菱电器
000523,广州浪奇
000524,东方宾馆
000525,红 太 阳
000526,银润投资
000528,柳    工
000529,广弘控股
000530,大冷股份
000531,穗恒运Ａ
000532,力合股份
000533,万 家 乐
000534,万泽股份
000536,华映科技
000537,广宇发展
000538,云南白药
000539,粤电力Ａ
000540,中天城投
000541,佛山照明
000543,皖能电力
000544,中原环保
000545,金浦钛业
000546,光华控股
000547,闽福发Ａ
000548,湖南投资
000550,江铃汽车
000551,创元科技
000552,靖远煤电
000553,沙隆达Ａ
000554,泰山石油
000555,神州信息
000557,*ST广夏 
000558,莱茵置业
000559,万向钱潮
000560,昆百大Ａ
000561,烽火电子
000562,宏源证券
000563,陕国投Ａ
000564,西安民生
000565,渝三峡Ａ
000566,海南海药
000567,海德股份
000568,泸州老窖
000570,苏常柴Ａ
000571,新大洲Ａ
000572,海马汽车
000573,粤宏远Ａ
000576,广东甘化
000581,威孚高科
000582,北部湾港
000584,友利控股
000585,东北电气
000586,汇源通信
000587,金叶珠宝
000589,黔轮胎Ａ
000590,紫光古汉
000591,桐 君 阁
000592,中福实业
000593,大通燃气
000594,*ST国恒 
000595,西北轴承
000596,古井贡酒
000597,东北制药
000598,兴蓉投资
000599,青岛双星
000600,建投能源
000601,韶能股份
000603,盛达矿业
000605,渤海股份
000606,青海明胶
000607,华智控股
000608,阳光股份
000609,绵世股份
000610,西安旅游
000611,四海股份
000612,焦作万方
000613,大东海A 
000615,湖北金环
000616,亿城投资
000617,*ST济柴 
000619,海螺型材
000620,新华联  
000622,恒立实业
000623,吉林敖东
000625,长安汽车
000626,如意集团
000627,天茂集团
000628,高新发展
000629,攀钢钒钛
000630,铜陵有色
000631,顺发恒业
000632,三木集团
000633,合金投资
000635,英 力 特
000636,风华高科
000637,茂化实华
000638,万方发展
000639,西王食品
000650,仁和药业
000651,格力电器
000652,泰达股份
000655,金岭矿业
000656,金科股份
000657,中钨高新
000659,珠海中富
000661,长春高新
000662,索芙特  
000663,永安林业
000665,湖北广电
000666,经纬纺机
000667,美好集团
000668,荣丰控股
000669,金鸿能源
000670,S舜元   
000671,阳 光 城
000672,上峰水泥
000673,当代东方
000676,*ST思达 
000677,恒天海龙
000678,襄阳轴承
000679,大连友谊
000680,山推股份
000681,远东股份
000682,东方电子
000683,远兴能源
000685,中山公用
000686,东北证券
000687,恒天天鹅
000688,建新矿业
000690,宝新能源
000691,亚太实业
000692,惠天热电
000693,华泽钴镍
000695,滨海能源
000697,炼石有色
000698,沈阳化工
000700,模塑科技
000701,厦门信达
000702,正虹科技
000703,恒逸石化
000705,浙江震元
000707,双环科技
000708,大冶特钢
000709,河北钢铁
000710,天兴仪表
000711,天伦置业
000712,锦龙股份
000713,丰乐种业
000715,中兴商业
000716,南方食品
000717,韶钢松山
000718,苏宁环球
000719,大地传媒
000720,新能泰山
000721,西安饮食
000722,湖南发展
000723,美锦能源
000725,京东方Ａ
000726,鲁  泰Ａ
000727,华东科技
000728,国元证券
000729,燕京啤酒
000731,四川美丰
000732,泰禾集团
000733,振华科技
000735,罗 牛 山
000736,中房地产
000737,南风化工
000738,中航动控
000739,普洛药业
000748,长城信息
000750,国海证券
000752,西藏发展
000753,漳州发展
000755,*ST三维 
000756,新华制药
000757,浩物股份
000758,中色股份
000759,中百集团
000760,博盈投资
000761,本钢板材
000762,西藏矿业
000766,通化金马
000767,漳泽电力
000768,中航飞机
000776,广发证券
000777,中核科技
000778,新兴铸管
000779,*ST派神 
000780,平庄能源
000782,美达股份
000783,长江证券
000785,武汉中商
000786,北新建材
000788,北大医药
000789,江西水泥
000790,华神集团
000791,甘肃电投
000792,盐湖股份
000793,华闻传媒
000795,太原刚玉
000796,易食股份
000797,中国武夷
000798,中水渔业
000799,酒 鬼 酒
000800,一汽轿车
000801,四川九洲
000802,北京旅游
000803,金宇车城
000806,银河投资
000807,云铝股份
000809,铁岭新城
000810,华润锦华
000811,烟台冰轮
000812,陕西金叶
000813,天山纺织
000815,美利纸业
000816,江淮动力
000818,方大化工
000819,岳阳兴长
000820,金城股份
000821,京山轻机
000822,*ST海化 
000823,超声电子
000825,太钢不锈
000826,桑德环境
000828,东莞控股
000829,天音控股
000830,鲁西化工
000831,五矿稀土
000833,贵糖股份
000835,四川圣达
000836,鑫茂科技
000837,秦川发展
000838,国兴地产
000839,中信国安
000848,承德露露
000850,华茂股份
000851,高鸿股份
000852,江钻股份
000856,冀东装备
000858,五 粮 液
000859,国风塑业
000860,顺鑫农业
000861,海印股份
000862,银星能源
000863,三湘股份
000868,安凯客车
000869,张  裕Ａ
000875,吉电股份
000876,新 希 望
000877,天山股份
000878,云南铜业
000880,潍柴重机
000881,大连国际
000882,华联股份
000883,湖北能源
000885,同力水泥
000886,海南高速
000887,中鼎股份
000888,峨眉山Ａ
000889,茂业物流
000890,法 尔 胜
000892,星美联合
000893,东凌粮油
000895,双汇发展
000897,津滨发展
000898,鞍钢股份
000899,赣能股份
000900,现代投资
000901,航天科技
000902,中国服装
000903,云内动力
000905,厦门港务
000906,物产中拓
000908,天一科技
000909,数源科技
000910,大亚科技
000911,南宁糖业
000912,泸 天 化
000913,钱江摩托
000915,山大华特
000916,华北高速
000917,电广传媒
000918,嘉凯城  
000919,金陵药业
000920,南方汇通
000921,海信科龙
000922,佳电股份
000923,河北宣工
000925,众合机电
000926,福星股份
000927,一汽夏利
000928,*ST吉炭 
000929,兰州黄河
000930,中粮生化
000931,中 关 村
000932,华菱钢铁
000933,神火股份
000935,四川双马
000936,华西股份
000937,冀中能源
000938,紫光股份
000939,凯迪电力
000948,南天信息
000949,新乡化纤
000950,建峰化工
000951,中国重汽
000952,广济药业
000953,*ST河化 
000955,欣龙控股
000957,中通客车
000958,东方热电
000959,首钢股份
000960,锡业股份
000961,中南建设
000962,东方钽业
000963,华东医药
000965,天保基建
000966,长源电力
000967,上风高科
000968,煤 气 化
000969,安泰科技
000970,中科三环
000971,蓝鼎控股
000972,新中基  
000973,佛塑科技
000975,银泰资源
000976,春晖股份
000977,浪潮信息
000978,桂林旅游
000979,中弘股份
000980,金马股份
000981,银亿股份
000982,中银绒业
000983,西山煤电
000985,大庆华科
000987,广州友谊
000988,华工科技
000989,九 芝 堂
000990,诚志股份
000993,闽东电力
000995,皇台酒业
000996,中国中期
000997,新 大 陆
000998,隆平高科
000999,华润三九
001696,宗申动力
001896,豫能控股
200002,万  科Ｂ
200011,深物业B 
200012,南  玻Ｂ
200016,深康佳Ｂ
200017,*ST中华B
200018,中冠B   
200019,深深宝Ｂ
200020,深华发Ｂ
200022,深赤湾Ｂ
200024,招商局Ｂ
200025,特  力Ｂ
200026,飞亚达Ｂ
200028,一致Ｂ  
200029,深深房Ｂ
200030,富奥B   
200037,深南电Ｂ
200045,深纺织Ｂ
200053,深基地Ｂ
200054,*ST建摩B
200055,方大Ｂ  
200056,深国商B 
200058,深赛格B 
200152,山  航Ｂ
200160,南江B   
200168,雷伊B   
200413,东旭B   
200418,小天鹅Ｂ
200429,粤高速Ｂ
200468,宁通信Ｂ
200488,晨  鸣Ｂ
200505,珠江B   
200512,闽灿坤Ｂ
200521,皖美菱Ｂ
200530,大  冷Ｂ
200539,粤电力Ｂ
200541,粤照明Ｂ
200550,江  铃Ｂ
200553,沙隆达Ｂ
200570,苏常柴Ｂ
200581,苏威孚Ｂ
200596,古井贡Ｂ
200613,大东海B 
200625,长  安Ｂ
200706,瓦  轴Ｂ
200725,京东方Ｂ
200726,鲁  泰Ｂ
200761,本钢板Ｂ
200770,*ST武锅B
200771,杭汽轮Ｂ
200869,张  裕Ｂ
200986,粤华包Ｂ
200992,中  鲁Ｂ
184691,基金景宏
184692,基金裕隆
184693,基金普丰
184698,基金天元
184699,基金同盛
184701,基金景福
184721,基金丰和
184722,基金久嘉
184728,基金鸿阳
002001,新 和 成
002002,鸿达兴业
002003,伟星股份
002004,华邦颖泰
002005,德豪润达
002006,精功科技
002007,华兰生物
002008,大族激光
002009,天奇股份
002010,传化股份
002011,盾安环境
002012,凯恩股份
002013,中航机电
002014,永新股份
002015,ST霞客  
002016,世荣兆业
002017,东信和平
002018,华星化工
002019,鑫富药业
002020,京新药业
002021,中捷股份
002022,科华生物
002023,海特高新
002024,苏宁云商
002025,航天电器
002026,山东威达
002027,七喜控股
002028,思源电气
002029,七 匹 狼
002030,达安基因
002031,巨轮股份
002032,苏 泊 尔
002033,丽江旅游
002034,美 欣 达
002035,华帝股份
002036,宜科科技
002037,久联发展
002038,双鹭药业
002039,黔源电力
002040,南 京 港
002041,登海种业
002042,华孚色纺
002043,兔 宝 宝
002044,江苏三友
002045,国光电器
002046,轴研科技
002047,宝鹰股份
002048,宁波华翔
002049,同方国芯
002050,三花股份
002051,中工国际
002052,同洲电子
002053,云南盐化
002054,德美化工
002055,得润电子
002056,横店东磁
002057,中钢天源
002058,威 尔 泰
002059,云南旅游
002060,粤 水 电
002061,江山化工
002062,宏润建设
002063,远光软件
002064,华峰氨纶
002065,东华软件
002066,瑞泰科技
002067,景兴纸业
002068,黑猫股份
002069,獐 子 岛
002070,众和股份
002071,江苏宏宝
002072,德棉股份
002073,软控股份
002074,东源电器
002075,沙钢股份
002076,雪 莱 特
002077,大港股份
002078,太阳纸业
002079,苏州固锝
002080,中材科技
002081,金 螳 螂
002082,栋梁新材
002083,孚日股份
002084,海鸥卫浴
002085,万丰奥威
002086,东方海洋
002087,新野纺织
002088,鲁阳股份
002089,新 海 宜
002090,金智科技
002091,江苏国泰
002092,中泰化学
002093,国脉科技
002094,青岛金王
002095,生 意 宝
002096,南岭民爆
002097,山河智能
002098,浔兴股份
002099,海翔药业
002100,天康生物
002101,广东鸿图
002102,冠福家用
002103,广博股份
002104,恒宝股份
002105,信隆实业
002106,莱宝高科
002107,沃华医药
002108,沧州明珠
002109,兴化股份
002110,三钢闽光
002111,威海广泰
002112,三变科技
002113,天润控股
002114,罗平锌电
002115,三维通信
002116,中国海诚
002117,东港股份
002118,紫鑫药业
002119,康强电子
002120,新海股份
002121,科陆电子
002122,天马股份
002123,荣信股份
002124,天邦股份
002125,湘潭电化
002126,银轮股份
002127,*ST新民 
002128,露天煤业
002129,中环股份
002130,沃尔核材
002131,利欧股份
002132,恒星科技
002133,广宇集团
002134,*ST普林 
002135,东南网架
002136,安 纳 达
002137,实 益 达
002138,顺络电子
002139,拓邦股份
002140,东华科技
002141,蓉胜超微
002142,宁波银行
002143,高金食品
002144,宏达高科
002145,中核钛白
002146,荣盛发展
002147,方圆支承
002148,北纬通信
002149,西部材料
002150,通润装备
002151,北斗星通
002152,广电运通
002153,石基信息
002154,报 喜 鸟
002155,辰州矿业
002156,通富微电
002157,正邦科技
002158,汉钟精机
002159,三特索道
002160,*ST常铝 
002161,远 望 谷
002162,斯米克  
002163,中航三鑫
002164,宁波东力
002165,红 宝 丽
002166,莱茵生物
002167,东方锆业
002168,深圳惠程
002169,智光电气
002170,芭田股份
002171,精诚铜业
002172,澳洋科技
002173,千足珍珠
002174,梅 花 伞
002175,广陆数测
002176,江特电机
002177,御银股份
002178,延华智能
002179,中航光电
002180,万 力 达
002181,粤 传 媒
002182,云海金属
002183,怡 亚 通
002184,海得控制
002185,华天科技
002186,全 聚 德
002187,广百股份
002188,新 嘉 联
002189,利达光电
002190,成飞集成
002191,劲嘉股份
002192,路翔股份
002193,山东如意
002194,武汉凡谷
002195,海隆软件
002196,方正电机
002197,证通电子
002198,嘉应制药
002199,东晶电子
002200,绿大地  
002201,九鼎新材
002202,金风科技
002203,海亮股份
002204,大连重工
002205,国统股份
002206,海 利 得
002207,准油股份
002208,合肥城建
002209,达 意 隆
002210,飞马国际
002211,宏达新材
002212,南洋股份
002213,特 尔 佳
002214,大立科技
002215,诺 普 信
002216,三全食品
002217,联合化工
002218,拓日新能
002219,恒康医疗
002220,天宝股份
002221,东华能源
002222,福晶科技
002223,鱼跃医疗
002224,三 力 士
002225,濮耐股份
002226,江南化工
002227,奥 特 迅
002228,合兴包装
002229,鸿博股份
002230,科大讯飞
002231,奥维通信
002232,启明信息
002233,塔牌集团
002234,民和股份
002235,安妮股份
002236,大华股份
002237,恒邦股份
002238,天威视讯
002239,金 飞 达
002240,威华股份
002241,歌尔声学
002242,九阳股份
002243,通产丽星
002244,滨江集团
002245,澳洋顺昌
002246,北化股份
002247,帝龙新材
002248,华东数控
002249,大洋电机
002250,联化科技
002251,步 步 高
002252,上海莱士
002253,川大智胜
002254,泰和新材
002255,海陆重工
002256,彩虹精化
002258,利尔化学
002259,升达林业
002260,伊 立 浦
002261,拓维信息
002262,恩华药业
002263,大 东 南
002264,新 华 都
002265,西仪股份
002266,浙富控股
002267,陕天然气
002268,卫 士 通
002269,美邦服饰
002270,法因数控
002271,东方雨虹
002272,川润股份
002273,水晶光电
002274,华昌化工
002275,桂林三金
002276,万马电缆
002277,友阿股份
002278,神开股份
002279,久其软件
002280,新世纪  
002281,光迅科技
002282,博深工具
002283,天润曲轴
002284,亚太股份
002285,世联行  
002286,保龄宝  
002287,奇正藏药
002288,超华科技
002289,宇顺电子
002290,禾盛新材
002291,星期六  
002292,奥飞动漫
002293,罗莱家纺
002294,信立泰  
002295,精艺股份
002296,辉煌科技
002297,博云新材
002298,鑫龙电器
002299,圣农发展
002300,太阳电缆
002301,齐心文具
002302,西部建设
002303,美盈森  
002304,洋河股份
002305,南国置业
002306,湘鄂情  
002307,北新路桥
002308,威创股份
002309,中利科技
002310,东方园林
002311,海大集团
002312,三泰电子
002313,日海通讯
002314,雅致股份
002315,焦点科技
002316,键桥通讯
002317,众生药业
002318,久立特材
002319,乐通股份
002320,海峡股份
002321,华英农业
002322,理工监测
002323,中联电气
002324,普利特  
002325,洪涛股份
002326,永太科技
002327,富安娜  
002328,新朋股份
002329,皇氏乳业
002330,得利斯  
002331,皖通科技
002332,仙琚制药
002333,罗普斯金
002334,英威腾  
002335,科华恒盛
002336,人人乐  
002337,赛象科技
002338,奥普光电
002339,积成电子
002340,格林美  
002341,新纶科技
002342,巨力索具
002343,禾欣股份
002344,海宁皮城
002345,潮宏基  
002346,柘中建设
002347,泰尔重工
002348,高乐股份
002349,精华制药
002350,北京科锐
002351,漫步者  
002352,鼎泰新材
002353,杰瑞股份
002354,科冕木业
002355,兴民钢圈
002356,浩宁达  
002357,富临运业
002358,森源电气
002359,齐星铁塔
002360,同德化工
002361,神剑股份
002362,汉王科技
002363,隆基机械
002364,中恒电气
002365,永安药业
002366,丹甫股份
002367,康力电梯
002368,太极股份
002369,卓翼科技
002370,亚太药业
002371,七星电子
002372,伟星新材
002373,*ST联信 
002374,丽鹏股份
002375,亚厦股份
002376,新北洋  
002377,国创高新
002378,章源钨业
002379,鲁丰环保
002380,科远股份
002381,双箭股份
002382,蓝帆股份
002383,合众思壮
002384,东山精密
002385,大北农  
002386,天原集团
002387,黑牛食品
002388,新亚制程
002389,南洋科技
002390,信邦制药
002391,长青股份
002392,北京利尔
002393,力生制药
002394,联发股份
002395,双象股份
002396,星网锐捷
002397,梦洁家纺
002398,建研集团
002399,海普瑞  
002400,省广股份
002401,中海科技
002402,和而泰  
002403,爱仕达  
002404,嘉欣丝绸
002405,四维图新
002406,远东传动
002407,多氟多  
002408,齐翔腾达
002409,雅克科技
002410,广联达  
002411,九九久  
002412,汉森制药
002413,常发股份
002414,高德红外
002415,海康威视
002416,爱施德  
002417,三元达  
002418,康盛股份
002419,天虹商场
002420,毅昌股份
002421,达实智能
002422,科伦药业
002423,中原特钢
002424,贵州百灵
002425,凯撒股份
002426,胜利精密
002427,尤夫股份
002428,云南锗业
002429,兆驰股份
002430,杭氧股份
002431,棕榈园林
002432,九安医疗
002433,太安堂  
002434,万里扬  
002435,长江润发
002436,兴森科技
002437,誉衡药业
002438,江苏神通
002439,启明星辰
002440,闰土股份
002441,众业达  
002442,龙星化工
002443,金洲管道
002444,巨星科技
002445,中南重工
002446,盛路通信
002447,壹桥苗业
002448,中原内配
002449,国星光电
002450,康得新  
002451,摩恩电气
002452,长高集团
002453,天马精化
002454,松芝股份
002455,百川股份
002456,欧菲光  
002457,青龙管业
002458,益生股份
002459,*ST天业 
002460,赣锋锂业
002461,珠江啤酒
002462,嘉事堂  
002463,沪电股份
002464,金利科技
002465,海格通信
002466,天齐锂业
002467,二六三  
002468,艾迪西  
002469,三维工程
002470,金正大  
002471,中超电缆
002472,双环传动
002473,圣莱达  
002474,榕基软件
002475,立讯精密
002476,宝莫股份
002477,雏鹰农牧
002478,常宝股份
002479,富春环保
002480,新筑股份
002481,双塔食品
002482,广田股份
002483,润邦股份
002484,江海股份
002485,希努尔  
002486,嘉麟杰  
002487,大金重工
002488,金固股份
002489,浙江永强
002490,山东墨龙
002491,通鼎光电
002492,恒基达鑫
002493,荣盛石化
002494,华斯股份
002495,佳隆股份
002496,辉丰股份
002497,雅化集团
002498,汉缆股份
002499,科林环保
002500,山西证券
002501,利源精制
002502,骅威股份
002503,搜于特  
002504,东光微电
002505,大康牧业
002506,*ST超日 
002507,涪陵榨菜
002508,老板电器
002509,天广消防
002510,天汽模  
002511,中顺洁柔
002512,达华智能
002513,蓝丰生化
002514,宝馨科技
002515,金字火腿
002516,江苏旷达
002517,泰亚股份
002518,科士达  
002519,银河电子
002520,日发精机
002521,齐峰新材
002522,浙江众成
002523,天桥起重
002524,光正集团
002526,山东矿机
002527,新时达  
002528,英飞拓  
002529,海源机械
002530,丰东股份
002531,天顺风能
002532,新界泵业
002533,金杯电工
002534,杭锅股份
002535,林州重机
002536,西泵股份
002537,海立美达
002538,司尔特  
002539,新都化工
002540,亚太科技
002541,鸿路钢构
002542,中化岩土
002543,万和电气
002544,杰赛科技
002545,东方铁塔
002546,新联电子
002547,春兴精工
002548,金新农  
002549,凯美特气
002550,千红制药
002551,尚荣医疗
002552,宝鼎重工
002553,南方轴承
002554,惠博普  
002555,顺荣股份
002556,辉隆股份
002557,洽洽食品
002558,世纪游轮
002559,亚威股份
002560,通达股份
002561,徐家汇  
002562,兄弟科技
002563,森马服饰
002564,张化机  
002565,上海绿新
002566,益盛药业
002567,唐人神  
002568,百润股份
002569,步森股份
002570,贝因美  
002571,德力股份
002572,索菲亚  
002573,国电清新
002574,明牌珠宝
002575,群兴玩具
002576,通达动力
002577,雷柏科技
002578,闽发铝业
002579,中京电子
002580,圣阳股份
002581,万昌科技
002582,好想你  
002583,海能达  
002584,西陇化工
002585,双星新材
002586,围海股份
002587,奥拓电子
002588,史丹利  
002589,瑞康医药
002590,万安科技
002591,恒大高新
002592,八菱科技
002593,日上集团
002594,比亚迪  
002595,豪迈科技
002596,海南瑞泽
002597,金禾实业
002598,山东章鼓
002599,盛通股份
002600,江粉磁材
002601,佰利联  
002602,世纪华通
002603,以岭药业
002604,龙力生物
002605,姚记扑克
002606,大连电瓷
002607,亚夏汽车
002608,舜天船舶
002609,捷顺科技
002610,爱康科技
002611,东方精工
002612,朗姿股份
002613,北玻股份
002614,蒙发利  
002615,哈尔斯  
002616,长青集团
002617,露笑科技
002618,丹邦科技
002619,巨龙管业
002620,瑞和股份
002621,大连三垒
002622,永大集团
002623,亚玛顿  
002624,金磊股份
002625,龙生股份
002626,金达威  
002627,宜昌交运
002628,成都路桥
002629,仁智油服
002630,华西能源
002631,德尔家居
002632,道明光学
002633,申科股份
002634,棒杰股份
002635,安洁科技
002636,金安国纪
002637,赞宇科技
002638,勤上光电
002639,雪人股份
002640,百圆裤业
002641,永高股份
002642,荣之联  
002643,烟台万润
002644,佛慈制药
002645,华宏科技
002646,青青稞酒
002647,宏磊股份
002648,卫星石化
002649,博彦科技
002650,加加食品
002651,利君股份
002652,扬子新材
002653,海思科  
002654,万润科技
002655,共达电声
002656,卡奴迪路
002657,中科金财
002658,雪迪龙  
002659,中泰桥梁
002660,茂硕电源
002661,克明面业
002662,京威股份
002663,普邦园林
002664,信质电机
002665,首航节能
002666,德联集团
002667,鞍重股份
002668,奥马电器
002669,康达新材
002670,华声股份
002671,龙泉股份
002672,东江环保
002673,西部证券
002674,兴业科技
002675,东诚生化
002676,顺威股份
002677,浙江美大
002678,珠江钢琴
002679,福建金森
002680,黄海机械
002681,奋达科技
002682,龙洲股份
002683,宏大爆破
002684,猛狮科技
002685,华东重机
002686,亿利达  
002687,乔治白  
002688,金河生物
002689,博林特  
002690,美亚光电
002691,石中装备
002692,远程电缆
002693,双成药业
002694,顾地科技
002695,煌上煌  
002696,百洋股份
002697,红旗连锁
002698,博实股份
002699,美盛文化
002700,新疆浩源
002701,奥瑞金  
002702,海欣食品
002703,浙江世宝
002705,新宝股份
002706,良信电器
002707,众信旅游
002708,光洋股份
002709,天赐材料
002711,欧浦钢网
002712,思美传媒
002713,东易日盛
002714,牧原股份
002715,登云股份
002716,金贵银业
002717,岭南园林
002718,友邦吊顶
002719,麦趣尔  
002721,金一文化
002722,金轮股份
002723,金莱特  
002725,跃岭股份
100213,国债0213
100303,国债0303
100501,国债0501
100504,国债0504
100512,国债0512
100603,国债0603
100609,国债0609
100616,国债0616
100619,国债0619
100703,国债0703
100706,国债0706
100707,国债0707
100710,国债0710
100713,国债0713
100714,国债0714
100718,国债0718
100801,国债0801
100802,国债0802
100803,国债0803
100806,国债0806
100807,国债0807
100810,国债0810
100813,国债0813
100814,国债0814
100818,国债0818
100820,国债0820
100822,国债0822
100823,国债0823
100825,国债0825
100901,国债0901
100902,国债0902
100903,国债0903
100905,国债0905
100906,国债0906
100907,国债0907
100910,国债0910
100911,国债0911
100912,国债0912
100913,国债0913
100916,国债0916
100917,国债0917
100918,国债0918
100919,国债0919
100920,国债0920
100923,国债0923
100924,国债0924
100925,国债0925
100926,国债0926
100927,国债0927
100930,国债0930
100931,国债0931
100932,国债0932
101002,国债1002
101003,国债1003
101005,国债1005
101007,国债1007
101008,国债1008
101009,国债1009
101010,国债1010
101012,国债1012
101013,国债1013
101014,国债1014
101015,国债1015
101017,国债1017
101018,国债1018
101019,国债1019
101020,国债1020
101022,国债1022
101023,国债1023
101024,国债1024
101026,国债1026
101027,国债1027
101028,国债1028
101029,国债1029
101031,国债1031
101032,国债1032
101033,国债1033
101034,国债1034
101037,国债1037
101038,国债1038
101039,国债1039
101040,国债1040
101041,国债1041
101102,国债1102
101103,国债1103
101104,国债1104
101105,国债1105
101106,国债1106
101108,国债1108
101110,国债1110
101112,国债1112
101113,国债1113
101114,国债1114
101115,国债1115
101116,国债1116
101117,国债1117
101119,国债1119
101121,国债1121
101122,国债1122
101123,国债1123
101124,国债1124
101125,国债1125
101203,国债1203
101204,国债1204
101205,国债1205
101206,国债1206
101207,国债1207
101208,国债1208
101209,国债1209
101210,国债1210
101212,国债1212
101213,国债1213
101214,国债1214
101215,国债1215
101216,国债1216
101217,国债1217
101218,国债1218
101220,国债1220
101221,国债1221
101301,国债1301
101303,国债1303
101304,国债1304
101305,国债1305
101306,国债1306
101308,国债1308
101309,国债1309
101310,国债1310
101311,国债1311
101312,国债1312
101313,国债1313
101314,国债1314
101315,国债1315
101316,国债1316
101317,国债1317
101318,国债1318
101319,国债1319
101320,国债1320
101321,国债1321
101322,国债1322
101323,国债1323
101324,国债1324
101325,国债1325
101401,国债1401
101402,国债1402
101403,国债1403
101404,国债1404
101405,国债1405
101406,国债1406
101917,国债917 
109052,地债1002
109055,地债1005
109058,地债1008
109060,地债1010
109061,地债1101
109062,地债1102
109063,地债1103
109064,地债1104
109065,地债1105
109066,地债1106
109067,地债1107
109068,地债1108
109069,上海1101
109070,上海1102
109071,广东1101
109072,广东1102
109073,浙江1101
109074,浙江1102
109075,深圳1101
109076,深圳1102
109077,地债1201
109078,地债1202
109079,地债1203
109080,地债1204
109081,地债1205
109082,地债1206
109083,地债1207
109084,地债1208
109085,上海1201
109086,上海1202
109087,广东1201
109088,广东1202
109089,地债1209
109090,地债1210
109091,浙江1201
109092,浙江1202
109093,深圳1201
109094,深圳1202
109095,地债1301
109096,地债1302
109097,地债1303
109098,地债1304
109099,地债1305
109100,地债1306
109101,地债1307
109102,地债1308
109103,山东1301
109104,山东1302
109105,地债1309
109106,上海1301
109107,上海1302
109108,地债1310
109109,广东1301
109110,广东1302
109111,江苏1301
109112,江苏1302
109113,地债1311
109114,地债1312
109115,浙江1301
109116,浙江1302
109117,深圳1301
109118,深圳1302
111018,02电网15
111019,02广核债
111023,03中铁债
111024,04华电1 
111025,04华电2 
111026,05粤交通
111029,06豫投债
111030,05泰达债
111031,06鄂能债
111032,06鲁能债
111035,06节能债
111039,08奈伦债
111041,08铁岭债
111042,08嘉城投
111045,08西城投
111047,08长兴债
111048,09渝水投
111049,09绍水务
111050,09华菱债
111051,09怀化债
111052,09哈城投
111055,09华西债
111056,09湖交投
111057,09兖城投
111058,09黄城投
111059,09宿建投
111060,10佳城投
111062,10并高铁
111063,11富阳债
111064,11长交债
111065,11豫中小
111066,11蓉中小
112001,08粤电债
112002,08中联债
112004,08中粮债
112008,09金街02
112009,09粤高债
112010,09西煤债
112011,09东药债
112012,09美好债
112013,09亿城债
112014,09银基债
112015,09泛海债
112016,09宏润债
112017,09希望债
112018,09津滨债
112019,09宜化债
112020,10大亚债
112021,10南玻01
112022,10南玻02
112023,10煤气01
112024,10煤气02
112025,11珠海债
112026,11新兴01
112027,11新兴02
112028,11冀能债
112029,11软控债
112030,11鲁西债
112031,11晨鸣债
112032,11柳工01
112033,11柳工02
112034,11陕气债
112035,11国脉债
112036,11三钢01
112037,11万方债
112038,11锡业债
112039,11黔轮债
112040,11建能债
112041,11冀东01
112042,11东控01
112043,11东控02
112044,11中泰01
112045,11宗申债
112046,11华孚01
112047,11海大债
112048,11凯迪债
112049,11安泰01
112050,11报喜01
112051,11报喜02
112052,11许继债
112053,11新筑债
112054,11鄂能债
112055,11徐工01
112056,11远兴债
112057,11东磁债
112058,11中粮01
112059,11联化债
112060,12金风01
112062,12新都债
112063,11常山债
112064,12隆平债
112065,12柳工债
112066,11西建债
112067,11冀东02
112068,11棕榈债
112069,12明牌债
112070,12中泰债
112071,11智光债
112072,12湘鄂债
112073,11三钢02
112074,12华茂债
112075,12雅致01
112076,12雅致02
112077,12化机债
112078,12太钢01
112079,12长安债
112080,12万向债
112081,11新野01
112082,11赤湾01
112083,11国星债
112084,11万家债
112085,12乐视01
112086,12圣农01
112087,12中富01
112088,12富春01
112089,12万丰01
112090,12中兴01
112091,12向日01
112092,12海药债
112093,11亚迪01
112094,11中利债
112095,12康盛债
112096,12国创债
112097,12亚厦债
112098,11新野02
112099,12乐视02
112100,12盾安债
112101,12安泰债
112102,12大康债
112103,12海型债
112104,12太钢02
112105,12东宝债
112106,12太钢03
112107,12云内债
112108,12舜天债
112109,12南糖债
112110,12东锆债
112111,12深机01
112112,12江泥01
112113,12冀东01
112114,12冀东02
112115,12冀东03
112116,12中桥债
112117,12福发债
112118,12金螳01
112119,12恒邦债
112120,12联发债
112121,12景兴债
112122,12建峰债
112123,12中山01
112124,11徐工02
112125,12海翔债
112126,12科伦01
112127,12华西债
112128,12辰矿01
112129,12华锦债
112130,12华包债
112131,12露笑债
112132,12制药债
112133,12亚夏债
112134,12合兴债
112135,12蓝标01
112136,12勤上01
112137,12康得债
112138,12苏宁01
112139,12北新债
112140,12基地债
112141,12金王债
112142,12格林债
112143,12粤电01
112144,12晨鸣债
112145,13荣信01
112146,12希努01
112147,13恒顺债
112148,12光电债
112149,12芭田债
112150,12银轮债
112151,13秦川债
112152,12亚达债
112153,12科伦02
112154,12盐湖01
112155,12正邦债
112156,12中顺债
112157,12科陆01
112158,12民生债
112159,12金刚债
112160,12毅昌01
112161,13传化债
112162,12粤电债
112163,12黑牛01
112164,12河钢01
112165,12德豪债
112166,12河钢02
112167,12莱士债
112168,12三维债
112169,12中财债
112170,12濮耐01
112171,12久联债
112172,13普邦债
112173,12南港债
112174,13广田01
112175,13三九01
112176,13大立债
112177,13围海债
112178,12墨龙01
112179,13南洋债
112180,12奥飞债
112181,13广发01
112182,13广发02
112183,13广发03
112184,13嘉寓债
112185,12金亚01
112186,13国元01
112187,13国元02
112188,13渤租债
112189,12瑞泽债
112190,11亚迪02
112191,13天晟01
112192,13赤湾01
112193,13美邦01
112194,13东北01
112195,13东北02
112196,13苏宁债
112197,13山证01
117001,13福星债
118001,12嘉力达
118002,12德福莱
118005,12浔旅债
118006,12中欣01
118007,12信威债
118008,12中欣02
118010,12锡物流
118011,12森德债
118012,12浙富立
118013,12鸿仪债
118014,12四方债
118015,12中科债
118018,12申环01
118019,12永鹏债
118020,12中能01
118021,12南菱01
118022,12常科试
118023,12中实债
118024,12四环01
118025,12长公债
118026,12派特01
118028,12蒙农科
118030,12福星债
118031,12武医债
118032,12浩蓝债
118033,12远古债
118034,12瑞昌01
118035,12新大禹
118036,12宁西债
118037,12建通债
118038,12福星门
118040,12宣酒债
118041,12北矿债
118042,12联飞翔
118043,12锦P债
118044,12黑乳债
118045,12航食01
118046,12长青债
118047,12富士宝
118048,12南菱02
118049,12海吉星
118050,12扬安债
118051,12漳水债
118052,12森园01
118053,12乐陶01
118054,12威仕达
118055,12思倍驰
118057,12冠耀集
118058,12通惠债
118059,12东配件
118060,12雷山债
118061,12鸿瑞债
118062,12蒙奶联
118063,12恒星债
118065,12致富债
118066,12盛水债
118067,12蓝博01
118068,12东飞01
118069,12天地债
118070,13汤山债
118071,12瑞昌02
118073,13嵊宾馆
118074,12青雨01
118075,12松江债
118076,12杭建工
118077,12杭设备
118078,13宏公路
118079,13锡软件
118080,12东飞02
118081,13土楼债
118082,12海纳债
118083,12嘉林债
118084,13华岳债
118085,13恒顺达
118086,12航食02
118087,12昭仪债
118088,12中能02
118089,12精彩债
118090,12宝塔01
118091,12蓝博02
118092,12泰亨债
118093,13淹城债
118094,12福添债
118095,12浙天台
118096,13南浔债
118097,12山寨债
118098,13骏浩01
118099,12科地01
118100,12广建债
118101,12亚德债
118102,13红卫债
118103,12张鸭子
118104,12金正债
118105,13东星债
118106,13圣达01
118107,12宝塔02
118108,12赛恩债
118109,12森瑞债
118110,13莲花山
118111,13海交投
118112,13御景01
118113,13苏新债
118114,13济环01
118115,13济环02
118116,13淮康嘉
118117,13海希债
118118,13胜伟债
118119,13天喜01
118120,13天喜02
118121,13福星门
118122,13利树债
118123,13华珠债
118124,13常机债
118125,13梅花01
118126,13绿润债
118127,13骏浩02
118128,13瑞源01
118129,13华春债
118130,13光发债
118131,13正和债
118132,13婷美债
118133,13瑞源02
118134,13中磁债
118135,13蓝天债
118136,13龙丹01
118138,13凯英信
118139,13金叶01
118140,13新港债
118141,13开来债
118142,13新明01
118143,13津桥01
118144,13赛特债
118145,13帷盛01
118146,13帷盛02
118147,13华光01
118148,13华光02
118149,13八达01
118150,13龙腾债
118151,13华龙01
118152,13如皋01
118153,13环球01
118154,13共兴债
118155,13安期生
118156,13江苏院
118157,13汉柏债
118158,13百川债
118159,13华光03
118160,13蒙国美
118161,13三峡01
118162,13三峡02
118163,13旭长债
118164,13昭信债
118165,13国德01
118166,13宝悦01
118167,13江南01
118168,13新天阳
118169,13新诚01
118170,13汉威01
118171,13康迪债
118172,13百商01
118173,13合利债
118174,13新明02
118175,13丰投01
118176,13德御01
118177,13威壮债
118178,13宝悦02
118179,13新诚02
118181,13恩悠债
118182,13姜仔01
118183,13姜仔02
118184,13博发01
118185,13博发02
118186,13博发03
118187,13弘佳债
118190,13浔旅债
118191,13东宇债
118195,13易博债
118197,13新诚03
118198,13珍珠债
118200,13昆旅01
118901,13国信01
118902,13一创01
119019,宁公控3 
119020,宁公控4 
119021,宁公控5 
119024,侨城02  
119025,侨城03  
119026,侨城04  
119027,侨城05  
119029,澜沧江1 
119030,澜沧江2 
119031,澜沧江3 
119032,澜沧江4 
119033,澜沧江5 
119035,阿里01  
119038,阿里02  
119041,阿里03  
119044,阿里04  
119047,阿里05  
125089,深机转债
125887,中鼎转债
126729,燕京转债
127001,海直转债
127002,徐工转债
128001,泰尔转债
128002,东华转债
128003,华天转债
128004,久立转债
131800,Ｒ-003  
131801,Ｒ-007  
131802,Ｒ-014  
131803,Ｒ-028  
131805,Ｒ-091  
131806,Ｒ-182  
131809,Ｒ-004  
131810,Ｒ-001  
131811,Ｒ-002  
159001,保证金  
159003,招商快线
159900,申赎现金
159901,深100ETF
159902,中 小 板
159903,深成ETF 
159905,深红利  
159906,深成长  
159907,中小300 
159908,深F200  
159909,深TMT   
159910,深F120  
159911,民营ETF 
159912,深300ETF
159913,深价值  
159915,创业板  
159916,深F60   
159917,中小成长
159918,中创400 
159919,300ETF  
159920,恒生ETF 
159921,中小等权
159922,500ETF  
159923,100ETF  
159924,300等权 
159925,南方300 
159926,国债ETF 
159927,A300ETF 
159928,消费ETF 
159929,医药ETF 
159930,能源ETF 
159931,金融ETF 
159932,500深ETF
159933,金地ETF 
159934,黄金ETF 
159935,景顺500 
150001,瑞福进取
150008,瑞和小康
150009,瑞和远见
150012,双禧A   
150013,双禧B   
150016,合润A   
150017,合润B   
150018,银华稳进
150019,银华锐进
150020,汇利A   
150021,汇利B   
150022,申万收益
150023,申万进取
150027,添利B   
150028,信诚500A
150029,信诚500B
150030,银华金利
150031,银华鑫利
150032,多利优先
150033,多利进取
150034,聚利A   
150035,聚利B   
150036,建信稳健
150037,建信进取
150038,万家利B 
150039,鼎利A   
150040,鼎利B   
150041,天盈B   
150042,利鑫B   
150043,裕祥B   
150044,增利A   
150045,增利B   
150046,丰利B   
150047,银华瑞吉
150048,银华瑞祥
150049,消费收益
150050,消费进取
150051,信诚300A
150052,信诚300B
150053,泰达稳健
150054,泰达进取
150055,工银500A
150056,工银500B
150057,久兆稳健
150058,久兆积极
150059,银华金瑞
150060,银华鑫瑞
150061,丰泽B   
150062,浦银增A 
150063,浦银增B 
150064,同瑞A   
150065,同瑞B   
150066,互利A   
150067,互利B   
150068,双翼B   
150069,双力A   
150070,双力B   
150071,盛世A   
150072,盛世B   
150073,诺安稳健
150075,诺安进取
150076,浙商稳健
150077,浙商进取
150078,回报B   
150079,通利债B 
150080,双佳B   
150081,双盈B   
150082,信达利B 
150083,广发100A
150084,广发100B
150085,中小板A 
150086,中小板B 
150087,信用B   
150088,金鹰500A
150089,金鹰500B
150090,万家创A 
150091,万家创B 
150092,诺德300A
150093,诺德300B
150094,泰信400A
150095,泰信400B
150096,商品A   
150097,商品B   
150098,同庆800A
150099,同庆800B
150100,资源A   
150101,资源B   
150102,利众B   
150104,华安300A
150105,华安300B
150106,易基稳健
150107,易基进取
150108,同辉100A
150109,同辉100B
150110,华商500A
150111,华商500B
150112,工银100A
150113,工银100B
150114,惠裕B   
150115,同丰B   
150117,房地产A 
150118,房地产B 
150120,鼎利进取
150121,银河优先
150122,银河进取
150123,建信50A 
150124,建信50B 
150127,双增B   
150128,工银增B 
150129,丰利债B 
150130,医药A   
150131,医药B   
150132,元盛B   
150133,德信A   
150134,德信B   
150137,宝利B   
150138,银华800A
150139,银华800B
150140,国金300A
150141,国金300B
150143,转债A级 
150144,转债B级 
150145,300高贝A
150146,300高贝B
150147,同利B   
150148,800医药A
150149,800医药B
150150,800有色A
150151,800有色B
150152,创业板A 
150153,创业板B 
150154,惠丰B   
150156,中银互B 
150157,800金融A
150158,800金融B
150160,通福B   
150161,惠鑫B   
150167,银华300A
150168,银华300B
150169,恒生A   
150170,恒生B   
150171,证券A   
150172,证券B   
160105,南方积配
160106,南方高增
160119,南方500 
160123,南方50债
160125,南方中国
160128,南方金利
160130,南方永利
160131,南方聚利
160211,国泰小盘
160212,国泰估值
160215,国泰价值
160220,国泰民益
160311,华夏蓝筹
160314,华夏行业
160415,华安S300
160416,华安石油
160505,博时主题
160512,博时卓越
160515,安丰18  
160607,鹏华价值
160610,鹏华动力
160611,鹏华治理
160613,鹏华创新
160615,鹏华300 
160616,鹏华500 
160617,鹏华丰润
160621,中小企债
160625,鹏华非银
160626,鹏华信息
160706,嘉实 300
160716,嘉实50  
160717,恒生H股 
160719,嘉实黄金
160720,中期企债
160805,长盛同智
160807,长盛300 
160812,长盛同益
160910,大成创新
160915,大成景丰
160916,优选LOF 
161005,富国天惠
161010,富国天丰
161017,富国500 
161019,富国天锋
161115,易基岁丰
161116,易基黄金
161117,易基永旭
161119,易基综债
161210,国投新兴
161213,国投消费
161216,双债A   
161217,国投资源
161219,国投产业
161607,融通巨潮
161610,融通领先
161614,融通添利
161706,招商成长
161713,招商信用
161714,招商金砖
161810,银华内需
161813,银华信用
161815,银华通胀
161820,银华纯债
161821,银华50A 
161903,万家优选
161907,万家红利
161911,万家强债
162006,长城久富
162207,泰达效率
162307,海富100 
162411,华宝油气
162605,景顺鼎益
162607,景顺资源
162703,广发小盘
162711,广发500L
162712,广发聚利
162715,广发聚源
163001,长信100 
163110,申万量化
163112,申万债券
163210,诺安纯债
163302,大摩资源
163402,兴全趋势
163407,兴全300 
163409,兴全绿色
163412,兴全轻资
163415,兴全模式
163503,天治核心
163801,中银中国
163819,中银信用
163821,中银300E
163824,中银盛利
164105,华富强债
164205,天弘深成
164606,信用增利
164701,添富贵金
164702,添富季红
164808,工银四季
164810,工银纯债
164814,工银双债
164815,工银资源
164902,交银添利
165309,建信300 
165311,建信信用
165313,建信优势
165508,信诚深度
165509,信诚增强
165510,信诚四国
165512,信诚机遇
165513,信诚商品
165516,信诚周期
165806,东吴100 
165809,东吴转债
166001,中欧趋势
166006,中欧小盘
166007,中欧300 
166008,中欧强债
166009,中欧动力
166902,民生增利
166904,民生添利
167901,华宸300 
160127,南方消费
160216,国泰商品
160217,国泰互利
160218,国泰地产
160219,国泰医药
160417,华安300 
160603,鹏华收益
160605,鹏华５０
160620,中证资源
160624,鹏华领先
160718,嘉实多利
160806,长盛同庆
160808,长盛同瑞
160809,长盛同辉
161014,富国汇利
161022,富国创业
161024,富国军工
161118,易基中小
161207,瑞和300 
161507,银河增强
161715,大宗商品
161718,300高贝 
161811,银华300 
161812,银华100 
161816,银华90  
161818,银华消费
161819,银华资源
161825,银华800 
161826,银华转债
161910,万家中创
162010,长城久兆
162107,金鹰500 
162216,泰达500 
162509,双禧100 
162510,国安双力
162714,广发100 
162907,泰信400 
163109,申万深成
163111,申万中小
163113,申万证券
163208,诺安油气
163209,诺安中创
163406,兴全合润
163803,中银增长
163804,中银收益
163805,中银策略
163806,中银增利
163807,中银优选
163808,中银100 
163809,中银蓝筹
163810,中银价值
164705,添富恒生
164809,工银500 
164811,工银100 
165310,建信双利
165312,建信50  
165511,信诚500 
165515,信诚300 
165519,信诚医药
165520,信诚有色
165521,信诚金融
165707,诺德S300
166002,中欧蓝筹
166003,中欧稳A 
166004,中欧稳C 
166005,中欧价值
166010,中欧鼎利
166011,中欧盛世
166301,华商500 
166802,浙商300 
167601,国金300 
167701,德邦德信
360058,赛格投票
360068,华控投票
360502,绿景投票
360524,东方投票
360534,万泽投票
360591,君阁投票
360595,西轴投票
360631,顺发投票
360797,武夷投票
360816,江动投票
360837,秦川投票
360851,高鸿投票
360932,华菱投票
360958,东方投票
360982,中绒投票
362011,盾安投票
362052,同洲投票
362056,东磁投票
362121,科陆投票
362129,中环投票
362160,常铝投票
362192,路翔投票
362306,湘鄂投票
362312,三泰投票
362320,海峡投票
362350,科锐投票
362376,北洋投票
362405,四维投票
362442,龙星投票
362465,海格投票
362470,金正投票
362473,圣莱投票
362498,汉缆投票
362535,林重投票
362579,中京投票
362588,史丹投票
362610,爱康投票
362693,双成投票
362702,海欣投票
362708,光洋投票
365071,嘉信投票
365101,国腾投票
365104,乐视投票
365199,翰宇投票
365212,华录投票
365221,银禧投票
365296,利亚投票
365320,海达投票
365321,同大投票
365339,润和投票
365367,网力投票
369999,密码服务
395001,主板Ａ股
395002,主板Ｂ股
395003,中小板  
395004,创业板  
395011,封闭基金
395012,ＬＯＦｓ
395013,ＥＴＦｓ
395014,分级基金
395021,可 转 债
395022,企业债  
395024,公司债  
395031,国债    
395032,债券回购
395041,股票权证
395099,总 成 交
300001,特锐德  
300002,神州泰岳
300003,乐普医疗
300004,南风股份
300005,探路者  
300006,莱美药业
300007,汉威电子
300008,上海佳豪
300009,安科生物
300010,立思辰  
300011,鼎汉技术
300012,华测检测
300013,新宁物流
300014,亿纬锂能
300015,爱尔眼科
300016,北陆药业
300017,网宿科技
300018,中元华电
300019,硅宝科技
300020,银江股份
300021,大禹节水
300022,吉峰农机
300023,宝德股份
300024,机器人  
300025,华星创业
300026,红日药业
300027,华谊兄弟
300028,金亚科技
300029,天龙光电
300030,阳普医疗
300031,宝通带业
300032,金龙机电
300033,同花顺  
300034,钢研高纳
300035,中科电气
300036,超图软件
300037,新宙邦  
300038,梅泰诺  
300039,上海凯宝
300040,九洲电气
300041,回天胶业
300042,朗科科技
300043,互动娱乐
300044,赛为智能
300045,华力创通
300046,台基股份
300047,天源迪科
300048,合康变频
300049,福瑞股份
300050,世纪鼎利
300051,三五互联
300052,中青宝  
300053,欧比特  
300054,鼎龙股份
300055,万邦达  
300056,三维丝  
300057,万顺股份
300058,蓝色光标
300059,东方财富
300061,康耐特  
300062,中能电气
300063,天龙集团
300064,豫金刚石
300065,海兰信  
300066,三川股份
300067,安诺其  
300068,南都电源
300069,金利华电
300070,碧水源  
300071,华谊嘉信
300072,三聚环保
300073,当升科技
300074,华平股份
300075,数字政通
300076,GQY视讯 
300077,国民技术
300078,中瑞思创
300079,数码视讯
300080,新大新材
300081,恒信移动
300082,奥克股份
300083,劲胜精密
300084,海默科技
300085,银之杰  
300086,康芝药业
300087,荃银高科
300088,长信科技
300089,长城集团
300090,盛运股份
300091,金通灵  
300092,科新机电
300093,金刚玻璃
300094,国联水产
300095,华伍股份
300096,易联众  
300097,智云股份
300098,高新兴  
300099,尤洛卡  
300100,双林股份
300101,国腾电子
300102,乾照光电
300103,达刚路机
300104,乐视网  
300105,龙源技术
300106,西部牧业
300107,建新股份
300108,双龙股份
300109,新开源  
300110,华仁药业
300111,向日葵  
300112,万讯自控
300113,顺网科技
300114,中航电测
300115,长盈精密
300116,坚瑞消防
300117,嘉寓股份
300118,东方日升
300119,瑞普生物
300120,经纬电材
300121,阳谷华泰
300122,智飞生物
300123,太阳鸟  
300124,汇川技术
300125,易世达  
300126,锐奇股份
300127,银河磁体
300128,锦富新材
300129,泰胜风能
300130,新国都  
300131,英唐智控
300132,青松股份
300133,华策影视
300134,大富科技
300135,宝利沥青
300136,信维通信
300137,先河环保
300138,晨光生物
300139,福星晓程
300140,启源装备
300141,和顺电气
300142,沃森生物
300143,星河生物
300144,宋城股份
300145,南方泵业
300146,汤臣倍健
300147,香雪制药
300148,天舟文化
300149,量子高科
300150,世纪瑞尔
300151,昌红科技
300152,燃控科技
300153,科泰电源
300154,瑞凌股份
300155,安居宝  
300156,天立环保
300157,恒泰艾普
300158,振东制药
300159,新研股份
300160,秀强股份
300161,华中数控
300162,雷曼光电
300163,先锋新材
300164,通源石油
300165,天瑞仪器
300166,东方国信
300167,迪威视讯
300168,万达信息
300169,天晟新材
300170,汉得信息
300171,东富龙  
300172,中电环保
300173,松德股份
300174,元力股份
300175,朗源股份
300176,鸿特精密
300177,中海达  
300178,腾邦国际
300179,四方达  
300180,华峰超纤
300181,佐力药业
300182,捷成股份
300183,东软载波
300184,力源信息
300185,通裕重工
300186,大华农  
300187,永清环保
300188,美亚柏科
300189,神农大丰
300190,维尔利  
300191,潜能恒信
300192,科斯伍德
300193,佳士科技
300194,福安药业
300195,长荣股份
300196,长海股份
300197,铁汉生态
300198,纳川股份
300199,翰宇药业
300200,高盟新材
300201,海伦哲  
300202,聚龙股份
300203,聚光科技
300204,舒泰神  
300205,天喻信息
300206,理邦仪器
300207,欣旺达  
300208,恒顺电气
300209,天泽信息
300210,森远股份
300211,亿通科技
300212,易华录  
300213,佳讯飞鸿
300214,日科化学
300215,电科院  
300216,千山药机
300217,东方电热
300218,安利股份
300219,鸿利光电
300220,金运激光
300221,银禧科技
300222,科大智能
300223,北京君正
300224,正海磁材
300225,金力泰  
300226,上海钢联
300227,光韵达  
300228,富瑞特装
300229,拓尔思  
300230,永利带业
300231,银信科技
300232,洲明科技
300233,金城医药
300234,开尔新材
300235,方直科技
300236,上海新阳
300237,美晨科技
300238,冠昊生物
300239,东宝生物
300240,飞力达  
300241,瑞丰光电
300242,明家科技
300243,瑞丰高材
300244,迪安诊断
300245,天玑科技
300246,宝莱特  
300247,桑乐金  
300248,新开普  
300249,依米康  
300250,初灵信息
300251,光线传媒
300252,金信诺  
300253,卫宁软件
300254,仟源制药
300255,常山药业
300256,星星科技
300257,开山股份
300258,精锻科技
300259,新天科技
300260,新莱应材
300261,雅本化学
300262,巴安水务
300263,隆华节能
300264,佳创视讯
300265,通光线缆
300266,兴源过滤
300267,尔康制药
300268,万福生科
300269,联建光电
300270,中威电子
300271,华宇软件
300272,开能环保
300273,和佳股份
300274,阳光电源
300275,梅安森  
300276,三丰智能
300277,海联讯  
300278,华昌达  
300279,和晶科技
300280,南通锻压
300281,金明精机
300282,汇冠股份
300283,温州宏丰
300284,苏交科  
300285,国瓷材料
300286,安科瑞  
300287,飞利信  
300288,朗玛信息
300289,利德曼  
300290,荣科科技
300291,华录百纳
300292,吴通通讯
300293,蓝英装备
300294,博雅生物
300295,三六五网
300296,利亚德  
300297,蓝盾股份
300298,三诺生物
300299,富春通信
300300,汉鼎股份
300301,长方照明
300302,同有科技
300303,聚飞光电
300304,云意电气
300305,裕兴股份
300306,远方光电
300307,慈星股份
300308,中际装备
300309,吉艾科技
300310,宜通世纪
300311,任子行  
300312,邦讯技术
300313,天山生物
300314,戴维医疗
300315,掌趣科技
300316,晶盛机电
300317,珈伟股份
300318,博晖创新
300319,麦捷科技
300320,海达股份
300321,同大股份
300322,硕贝德  
300323,华灿光电
300324,旋极信息
300325,德威新材
300326,凯利泰  
300327,中颖电子
300328,宜安科技
300329,海伦钢琴
300330,华虹计通
300331,苏大维格
300332,天壕节能
300333,兆日科技
300334,津膜科技
300335,迪森股份
300336,新文化  
300337,银邦股份
300338,开元仪器
300339,润和软件
300340,科恒股份
300341,麦迪电气
300342,天银机电
300343,联创节能
300344,太空板业
300345,红宇新材
300346,南大光电
300347,泰格医药
300348,长亮科技
300349,金卡股份
300350,华鹏飞  
300351,永贵电器
300352,北信源  
300353,东土科技
300354,东华测试
300355,蒙草抗旱
300356,光一科技
300357,我武生物
300358,楚天科技
300359,全通教育
300360,炬华科技
300362,天保重装
300363,博腾股份
300365,恒华科技
300366,创意信息
300367,东方网力
300368,汇金股份
300369,绿盟科技
300370,安控股份
300371,汇中股份
300372,欣泰电气
300373,扬杰科技
300375,鹏翎股份
300376,易事特  
300377,赢时胜  
300378,鼎捷软件
300379,东方通  
300380,安硕信息
300381,溢多利  
300382,斯莱克  
300383,光环新网
362410,广联投票
362534,杭锅投票
362559,亚威投票
362626,金达投票
362631,德尔投票
362663,普邦投票
365152,燃控投票
365256,星星投票
365261,雅本投票
365289,利德投票
072408,齐翔发债
082408,齐翔配债
101407,国债1407
